company_name,company_number
SEFTON AUTOMATICS LIMITED,936729
MACE-GEDEN (TURF ACCOUNTANTS) LIMITED,1038701
WILLIAM T. CORBETT (COURSE) LIMITED,1161893
ROY CHRISTIE (RACECOURSE) LIMITED,1235833
SUN VALLEY LEISURE,1336670
BOLTON WANDERERS DEVELOPMENT ASSOCIATION (CHORLEY) LIMITED,1423297
SUN VALLEY SOCIAL CLUBS,1590875
T C PROJECTS LIMITED,2479222
SUMMIT LEISURE (SWINTON) LIMITED,2581185
SUMMIT LEISURE (NORTHUMBERLAND) LIMITED,2581182
GAVIN READER LIMITED,2709453
FIESTA LEISURE LTD.,2710152
GREENHILL RACING LIMITED,2715703
49’S (1996) LIMITED,3285628
ST MICHAEL'S HOSPICE LOTTERY LIMITED,3351501
EDENPACE LIMITED,1740165
7L LIMITED,1808040
BELLCOIN HOLDINGS LIMITED,1887355
PICCADILLY,2174567
SOUTHERN AMUSEMENTS,2174566
H. BACKHOUSE (BAKER STREET) LIMITED,540577
TIR PRINCE RACEWAY LIMITED,2287227
C. PATRICK EVANS ENTERTAINMENTS LIMITED,887421
MEDIA SOURCE PLUS LTD,6500520
JOE JENNINGS BOOKMAKERS LIMITED,5788101
SEC FUNDRAISING LTD,8883149
IVOR PERRY LIMITED,3910265
TERMINATOR LTD,5090119
SECOND CITY LEISURE LIMITED,8451713
AMUSETIME LIMITED,9426256
SP RACING LIMITED,9509082
NEWTOWN RACING LIMITED,7216045
SPENCER CRAIG LIMITED,7976609
LINKCO LIMITED,3669217
JOHN HUGHES (BOOKMAKERS) LIMITED,3683430
MULVANEY BOOKMAKERS LIMITED,3686647
WILLOW WOOD HOSPICE PROMOTIONS LIMITED,2913564
MERSEYSIDE ENTERTAINMENTS LIMITED,369130
INSPIRED GAMING (GREECE) LIMITED,9219329
BETTER VALUE INTERNATIONAL LTD,14609700
KINGSBRIDGE AUTOMATICS LIMITED,4484761
THE STUDENT LOTTO LTD,14838196
A CASH LIMITED,10657946
REEL FRUITS LIMITED,8181082
SP GRAHAM D1 LTD,NI623822
JPM INTERACTIVE LTD,5411422
ESSEX & HERTS FLIGHT FOR LIFE LOTTERY OPERATIONS LTD,11995048
PALATIAL LEISURE LIMITED,2794499
PICK10 LTD,6230435
BOXERTRICKS GAMING LTD,14294897
WILD WINZ LTD,15723080
BUNNY RACING  LTD,6349647
BETLOGICS LIMITED,8070070
CASINO PALACE LTD,NI050551
POTSOFGOLDAMUSEMENTS LIMITED,12921396
ADELPHI EVENTS MANAGEMENT LTD,8061481
DOUBLE DIAMOND GAMING LIMITED,6896085
THOMAS & MIGUEL GAMING LIMITED,10910037
A B BET LTD,5636802
BALLS OF THUNDER COMPETITIONS LTD,SC769737
GH NEWRY LTD,NI612944
THE REDHOLME GROUP LIMITED,SC700231
RACING INVESTMENTS LIMITED,10169865
LUCKY LOTTERIES LIMITED,9582547
E.L.M LEISURE ENTERPRISES LTD,14685246
ASPINALL'S CLUB LIMITED,2495259
DEVICEGUIDE LIMITED,4180101
THE A & S LEISURE GROUP LIMITED,939109
FANTASY SPORTS ARENA LTD,15759140
GEORGE SIMMONS RACING LTD,5616199
DAVID WHITE LEISURE LIMITED,2175606
RESPONSIBLE AFFILIATES IN GAMBLING,11996394
ALAN BENNETT RACING LTD,4160332
MAJESTIC BINGO ONLINE LTD,9058603
NAR CONSULTANCY SERVICES LTD,13882274
AS2PIC LIMITED,14768454
FOOTBALL SX LTD,NI695917
ANYCOMP 2024 LIMITED,14772993
MAX LEISURE LIMITED,14807972
MAD PANDA COMPETITIONS LTD,14972521
EMERGIN LTD,15246916
RYANS COMPETITIONS LTD,15255380
TR RACING & SPORTS BETTING LIMITED,15267087
ONLINE DIGITAL GAMES LTD,15270079
MAKEYOUAWINNER LTD,15283152
NEWBY GAMING  & LEISURE COMPANY LTD,15184570
ACE CASINOS LTD,15194347
GENIENEXUS LTD,15371149
GOLD COMPETITIONS LTD,15371880
HAMMER GAMES UK LIMITED,15384883
PLOKIJU GAMES LTD,15389696
LMS GAMES LIMITED,15402426
CA5INO LTD,15402700
MELODI WIN LTD,15402964
PRIME T PRIZE LTD,SC795566
JACKPOTZ COMPETITIONS LIMITED,15315183
PAIR PEARS LTD,15329703
JANEFIELD EVENTS LTD,SC791717
KLASSIFIED GROUP LTD,15499599
SWEEPSTAKES247 LTD,15503842
OUTBIDDA LIMITED,15536296
CLICK LUCK LTD,15552551
PINNACLE SPORTS BETS LTD,15557829
JAMMY LTD,15558191
NE1 COMPETITIONS LTD,SC802780
WINLOT LTD,15562778
LOL ENTERTAINMENT LIMITED,13328929
SPIN 2 WIN ENTERTAINMENTS LIMITED,5836527
BELGARD MANAGEMENT LIMITED,7413996
KLATTO LTD,9715568
CROWDBET LTD,14690899
THE GAMING GROUP LIMITED,4522448
PRIVÉ GAMING GROUP LTD,14875494
MARK HARROP RACING (ON COURSE) LIMITED,8027132
GEORDIEGIVEAWAYS LTD,15434027
MANALO LIMITED,15435553
NUMBER PLATE LOTTERY LIMITED,15437643
GAMES4US AND YOU LTD,15442108
SLOT CLARITY LTD,15456225
MAGNA FORTUNA LTD,15456813
THE GIVING COLLECTIVE CIC,15460537
MERIKAN2000 LIMITED,15463527
TREND RIVER LTD,15651261
CRYPTO CASINO LIMITED,15662551
LEGACY COMPETITIONS LTD,15667281
INSTAWIN COMPETITIONS LTD,15695130
CARP BANANA COMPETITIONS LIMITED,15695652
P2GR GAMES LTD,15696307
SAR LEISURE LIMITED,6242116
DNA GAMING LTD,8714652
REGAL AMUSEMENTS (NORTH EAST) LIMITED,2775255
SMART WIN LTD,15579284
LOCKOS COMPETITIONS LTD,15596757
ELITE VALUE HUNTERS LTD,15620323
MGJ AMUSEMENTS LIMITED,10620924
G. & T. WILLIAMS (COURSE) LIMITED,992067
MATSGOOD LIMITED,3991242
BET TOM LTD,15228173
J3STER LTD,14822251
LOTTERY ENGLAND LTD,9008362
AMUSE 2016 LTD.,10317949
DKUK SERVICES LTD,9581593
TOMMY FRENCH BOOKMAKERS LTD,NI057467
FULL HOUSE BINGO LIMITED,5590718
TGR'S (1991) LIMITED,2601313
STECH TECHNOLOGY UK LIMITED,10897880
MERLIN RACING LIMITED,4455582
LADBROKES BETTING & GAMING LIMITED,775667
RACECOURSE BETTING COMPLIANCE LIMITED,14298494
ONE PLUS MANY LTD,14569772
GLOBAL ONLINE ENTERPRISE LIMITED,6923062
CAMELOT UK LOTTERIES LIMITED,2822203
MEGA LEISURE (SHAWLANDS) LIMITED,SC257606
LANGTHORNES ENTERTAINMENT LTD,14903961
POULTER & BOOTH LIMITED,5148798
CM COMPETITIONS N.I. LTD,NI669641
MCBOOKIE LTD,SC345491
WILLIAM HILL LIMITED,4212563
GTOTE LIMITED,10789192
BEIRNE RACING LIMITED,NI695984
TTL RACING LIMITED,5753961
BRAGBET LIMITED,NI618615
TOTE COURSE LIMITED,660541
LORDSDALE ESTATES LIMITED,2130018
CAMPBELLS (BOOKMAKERS) LIMITED,705834
WILLIAM HILL (SCOTLAND) LIMITED,SC026918
SSF COMPETITIONS LTD,SC662476
RAFFLE ROYALE LTD,15776133
REUBEN PAGE LIMITED,2511982
HAY BINGO LIMITED,10362135
LAZTEX LIMITED,7074768
BET LIMITED,9486225
INFLIGHT GAMBLING LTD,12250192
THE PURPLE GAMING COMPANY LIMITED,SC364910
RAFFLES RICHES LIMITED,15637295
GOLDEN TICKET ONLINE SERVICES LTD,15663245
REDK CONSULTANCY LTD,15680812
BLACKSMITH GAMING LTD,15690490
CUTLER ENTERPRISES LIMITED,15698405
ONECHANCE LTD,15360997
DIGITIPS LTD,15361055
BETTRADE ANALYTICS LIMITED,15362450
COMMUNITY BLOOM LTD,15572166
SA GAMING CORP LTD,15363851
WIS GAMES LTD,15378094
KINDESS CORP LTD,SC796892
DECENTRATECH LTD,15481727
THE BEAUTY LOTTERY LTD,15490802
BRADFORD & SONS BOOKMAKERS LTD,15248175
WAGERWARE LTD,15202073
SIS INTERNATIONAL LIMITED,15229004
LOTTOWEB LIMITED,3250063
MARK JARVIS LIMITED,797188
UPREDICT LIMITED,12836319
BETFRED LIMITED,4815730
CHOICEBET (UK) LIMITED,8543948
PREMIO PRIZE LIMITED,15743276
THE VAULT GAMES LTD,15739929
C4 COMPETITIONS LTD,15741185
GOLDEN PRIZES LTD,15739062
STAN SOMERS (RACING) LIMITED,3778465
B3T GAMING LTD,NI617499
SANDANCER LEISURE LTD,6060855
ESCOBETS LIMITED,12026740
BROWN LEISURE LIMITED,3752037
COSMOS TECHNOLOGY AND INVESTMENT LTD,15750264
PREMIER PICKS LIMITED,12130862
SOLOGATE LIMITED,1735866
REEL TO REEL LIMITED,9143236
OAK AMUSEMENTS LIMITED,1664386
CORRU.PT LTD,12899765
DLG LEISURE LIMITED,9186748
VGC LEEDS LIMITED,9098468
KALOOKI SPORTSBOOK LIMITED,12938274
GAMING BUSINESS DEVELOPMENT LTD,2617337
HORIZONS LEISURE LIMITED,1794381
MDS LEISURE (CORNWALL) LIMITED,9639129
WILLIAM HILL (WESTERN) LIMITED,336043
SCOREGEOUS LIMITED,9216168
WILLIAM HILL (LONDON) LIMITED,1278867
BROOKE BOOKMAKERS LIMITED,3205108
TIGERPLAY LTD,14901086
PAT WHELAN (RACING) LIMITED,3869464
BL4K AMUSEMENTS LIMITED,12494129
WILLIAM HILL (MIDLANDS) LIMITED,531785
T.H.JENNINGS(HARLOW POOLS)LIMITED,701499
R. & F. WILMOT LTD.,SC262419
TOUCH AND WIN LTD,4010645
WILLIAM HILL (CALEDONIAN) LIMITED,SC039934
WILLIAM HILL (ALBA) LIMITED,SC046349
PERTH RACECOURSE LIMITED,SC744882
BORDER BINGO CLUBS LIMITED,SC197205
J & S BINGO LIMITED,SC477963
ELECTROCOIN LEISURE (S. WALES) LIMITED,1557059
LOTTONET LIMITED,3212901
HATFUL OF HOLLOW TS LIMITED,13247139
BETWITHFRIENDS LTD,13338161
WYNN PROMOTIONS LTD,NI677669
MBK CLIENT LIMITED,13225943
LOST LEISURE LIMITED,5654989
HAVE A GO ENTERTAINMENT LIMITED,14920722
TOMATO90 LTD,14720315
LSDIGITALSERVICES LIMITED,14748728
WHISTLEHQ LTD,14869362
DERRY AMUSEMENTS & GAMING LIMITED,NI635286
NEXTGEN BETTING LTD,11934808
PLANET HOLDINGS (IRELAND) LTD,NI034097
J RAINEY BOOKMAKER LTD,NI602422
MCQUAID BINGO LIMITED,NI658811
A.B. JOHNSONS LIMITED,SC087864
GRAND ENTERTAINMENTS LIMITED,7111376
DOMS CARS (UK) LIMITED,6835704
MATT & ALEX ONLINE BUSINESS LTD,11327696
MIDLANDS CAR GIVEAWAYS LTD,11869312
L.G. LEISURE (NORTH WALES) LTD,9943556
SUMMIT LEISURE (KC) LIMITED,9972448
REDZONE SPORTS LIMITED,10277468
THE GAME ROOM LIMITED,10658332
MILLIONS RAFFLE LTD,12739270
INTEGRATED PROMOTIONS LTD,12611417
EMPIRE SKEGNESS LIMITED,9887850
MUCH GAMES LTD,15798771
WIN BIG FOR LESS LTD,12586158
METEORGAMES LTD,15813804
INTERGAMESOLUTIONS LTD,14944124
GAN (UK) LIMITED,3883658
GOODWIN RACING LIMITED,3477145
ARCADIA GAMING LIMITED,11237460
SOUTHAMPTON QE2 HOTEL LIMITED,7666834
IN TOUCH GAMES LIMITED,4629082
WINSLOW ONE LIMITED,6422121
REELS CASINO SLOTS LTD,9618666
OASIS RETAIL SERVICES LIMITED,NI007191
WINON GAMING LTD,15738265
WIN COMPS LTD,SC815136
RANGERS FC POOLS LTD,SC584163
ARISTOCRAT TECHNOLOGIES EUROPE (HOLDINGS) LIMITED,3318610
BETSETGO LIMITED,11576635
PLAYERBET LIMITED,14605629
KINDER GROUP LIMITED,5851680
VU GAMES LIMITED,SC271500
O'GORMAN BROTHERS LIMITED,3720289
PARKERS LEISURE (HOLDINGS) LIMITED,609150
THE STOREY GROUP LIMITED,2851474
REOHORN AUTOMATICS & AMUSEMENTS LIMITED,8225564
RACING 4 PROFIT LTD,3433953
SWIFTY SPORTS LTD,14969091
SHIPLEY (LEISURE) ENTERPRISES LIMITED,1297718
ILUDO82 LIMITED,9081907
BRESBET ONCOURSE LTD,15645135
BRIDGE PHONOGRAPHICS LIMITED,2134548
SAM HARRIS LIMITED,2127052
MIRAGE LEISURE LIMITED,2874121
THE GAMBLING TIMES LIMITED,10388077
PAT O'HARE BOOKMAKERS LIMITED,3667879
ASHBY GAMING MACHINES LTD,12291417
POSTCODE ACTIVE TRUST,SC481121
PLYMOUTH LEISURE LIMITED,4811339
TDCO LIMITED,11300287
FRONTIER AMUSEMENTS LTD,14416473
MILLENNIUM CASINO JUNKET COMPANY LIMITED,13475584
ENLIGHT INVESTMENT GROUP LIMITED,15781223
MIRAGE BINGO LIMITED,5817276
DAVID PLUCK (NORTH WEST) LIMITED,1477372
RACERIVAL LIMITED,15713460
SAFE HARBOUR GROUP LIMITED,15096848
FOSTER WORLDWIDE LIMITED,14938606
CASTLE GAMES LIMITED,3397772
REEL LEISURE LIMITED,553321
N. CHARLES & SON LIMITED,5178234
ST DAVIDS PROMOTIONS LIMITED,3288579
CASH48 LTD,14969095
ST CLARE HOSPICE TRADING COMPANY LIMITED,2951374
BLAKESTONES ENTERTAINMENT LTD,11811263
BETS R US LTD,15007230
BARRY R JOHNSON LIMITED,5272170
SILVER DOLLAR CASINOS LTD,12304298
SONCO GAMING MANAGEMENT UK LTD.,11732827
IN TOUCH AMUSEMENT LIMITED,7282071
ROSE POKER LTD,12766912
SOBELL LOTTERY LTD,3737178
RYDE RACING LIMITED,4254712
ILUDO LIMITED,8158782
OXFORD BINGO (BRADFORD) LIMITED,910363
STARS GROUP UK1 LIMITED,11438414
SHIPLEY BROTHERS LIMITED,2799746
FF GAMING LIMITED,14423897
TRICKYBET LIMITED,10388066
LUCKY SPOT COMPETITION LTD,13243508
HG3 TRADING LTD,15910694
SOUTHESK DEVELOPMENTS LIMITED,SC181476
I-POOLS (HOST) LIMITED,8082541
D.J.C. (AMUSEMENTS) LIMITED,3042008
GENIUS SPORTS HOLDINGS LIMITED,10326954
REDNINES GAMING LTD,11622562
BUZZ BINGO DIGITAL LIMITED,12838479
GOLDEN NUGGET CLUB LIMITED,2690212
AMUSE EAST LONDON LIMITED,7853772
LONDON CLUBS LSQ LIMITED,5152337
LONDON CLUBS NOTTINGHAM LIMITED,3016939
BB TRADING LTD,15094911
DIMITRA ZAFEIRI LTD,15903144
BADGER RACING LIMITED,6836484
STAR BOOKMAKERS (UK) LIMITED,4968681
PHOENIX COMPS LIMITED,15919715
TAYLORS BOOKMAKERS LIMITED,6495982
SPORTING INDEX LIMITED,2636842
STAR SNOOKER LIMITED,NI033875
THE BINGO ASSOCIATION LIMITED,7588517
LES CROUPIERS CASINO LIMITED,1351740
TOWER PROMOTIONS LIMITED,NI606692
CITYSIDE AMUSEMENTS LIMITED,NI033871
COMMODORE AMUSEMENTS LIMITED,NI033982
J.E. SHEERAN (AMUSEMENT ARCADES) LIMITED,SC058340
UK>SPEED RATINGS LTD,6290579
ROSE GOLD WINS LTD,15926220
FINBARN LTD,NI046527
CHARLIE MILLER RACING LTD,6911287
STAR RACING LIMITED,6475105
CARLTON CLUBS LIMITED,SC123870
TOWER LOTTERY PARTNERSHIP LIMITED,9212141
COLLEGE RACING (BECKENHAM) LIMITED,3666997
THALES CONSULT LIMITED,7217214
FANTASY FURLONG LTD,11552103
BOTSPHERE LIMITED,5564605
MAWC DIGITAL CONSULTING LTD,15853645
ALL ODDS LTD,13181363
AIR DICE SERVICES (UK) LIMITED,9938112
TSMC CONSULTANCY LIMITED,13981865
PEDELL LTD,11310028
HOLIDAYCOMPS LTD,15095719
COTSWOLD RACING LTD,13953020
B. G. RACING LTD,6209162
AAA RACING LTD,11965249
BD PROMOTIONS LTD,12328687
BETS AND BANTER LTD,11238475
WANNABETONIT LTD,10896975
METABET LIMITED,12226093
BOBBY DAZZLER PRIZES LIMITED,15950528
BEARBULL LTD.,13324848
RED JACK MEDIA LIMITED,5233687
CASTLE BINGO LIMITED,3142416
ANA EYK ENTERPRISES LTD,15957515
WILDER FUTURE SERVICES LIMITED,12473987
FUN CITY (UK) LTD,3238099
TIPP24 SERVICES LIMITED,6362572
MYLOTTO24 LIMITED,6131579
ALTBET LIMITED,9335006
BRENLAND LEISURE LTD,1073257
LTTD LIMITED,14981461
NDOGSCOMPS LIMITED,14979464
HIEUGENI LTD,14978058
POSTCODE INTERNATIONAL TRUST,SC476398
BETFAIR GENERAL BETTING LIMITED,5992333
POSTCODE CARE TRUST,SC407953
ENTNET LTD,8218428
POSTCODE JUSTICE TRUST,SC441725
POSTCODE INNOVATION TRUST,SC532119
LOTTERY FUNDING SOLUTIONS LIMITED,9937699
THE FOOTBALL POOLS LIMITED,10573569
UK LOTTERY MANAGEMENT LIMITED,2884057
VFM1 GROUP LTD,14517190
CORAL (STOKE) LIMITED,1225994
FORTH SOCIAL & LEISURE CLUB LIMITED,SC103019
DOGS TRUST LOTTERIES LIMITED,14015851
EQUINE INVESTMENTS LIMITED,5605699
PLAYQUARRY LIMITED,15972306
POSTCODE ANIMAL TRUST,SC443944
POSTCODE COMMUNITY TRUST,SC472798
GRANDSPAN LIMITED,3695907
FAIRMILE INVESTMENTS LIMITED,1568205
PEOPLE'S POSTCODE TRUST,SC356549
JA SPORTSBOOK LIMITED,8713946
SCOTSCOUP (ELGIN) LIMITED,SC105412
ROBIN GROSSMITH RACING LIMITED,1966285
EPANGA MEDIA LIMITED,9917818
VBET SPORTS LIMITED,10392319
INVESTING IN PEMBROKESHIRE SOCIETY LIMITED,3494193
LUXURYFUTURE LIMITED,3040254
POSTCODE GREEN TRUST,SC404041
NG RACING LIMITED,12113783
GAMBLE GOOSE LTD,15005843
OTB BETTING LTD,15027973
FFG LIMITED,15860762
BILLION INTERNET TECHNOLOGY CO LTD,15321569
THE BENEFICIAL RAFFLE LTD,15863234
J.P. CLUBS LTD.,6337764
CEASARS ENTERTAINMENT LTD,14481347
BETTING JUNCTION LIMITED,6740540
THE SPORTING EXCHANGE LIMITED,3770548
SILVERPLAY LIMITED,8155054
WHARTON SLANEY LIMITED,3637944
SPERRIN BINGO LTD,NI617482
ASN7 LIMITED,15895553
RED DOG LEISURE LIMITED,15062901
FIRST PRIZE GAMES LIMITED,3237303
YORKSHIRE AIR AMBULANCE (TRADING) LIMITED,4053514
K.JOHNSON LIMITED,3676630
CELTIC F.C. DEVELOPMENT FUND LIMITED,SC045637
CELTIC DEVELOPMENT POOLS LIMITED,SC045636
HOMESTYLE COMPS LTD,15001224
WESTERN LEISURE AND AMUSEMENTS LIMITED,3381549
ENFOUR LIMITED,1277978
RC AMUSEMENTS LIMITED,9493651
PLAINSCOOP LIMITED,4370665
JENNINGS (SL) LIMITED,7713744
SAGENCY LIMITED,10373256
HEALTH LOTTERY ELM LIMITED,7127308
SURFLIFECOMPS LTD,14948947
REV CORP LTD,11981806
MCCARTANBET LTD,13467152
PORTO ENTERPRISES LTD,15821492
MEGA LEISURE (SCOTLAND) LIMITED,SC207968
REGAL BINGO LTD,NI649754
BUZZ COUNTY CLUBS LIMITED,SC041681
ONLY TIPS LIMITED,14392642
SCOTB123 LTD,SC619172
PDSA TRADING LIMITED,1595637
BULLION STREET ONLINE GAMING LIMITED,15044366
JOHN SMYTH BOOKMAKERS LIMITED,NI720042
SCIENTIFIC GAMES INTERNATIONAL HOLDINGS LTD,4359953
MATCHURBAN,2540202
STRAM MARKETING UK LIMITED,14168723
BALLY’S (NEWCASTLE) LIMITED,4655461
PIAZZA LEISURE LIMITED,5252895
ALLWYN LOTTERY SOLUTIONS LIMITED,7553980
EVENT BETTING LIMITED,3836078
BARCREST GROUP LIMITED,3500514
ROCKSTAR COMPETITIONS LTD,15008611
INTHEDETAIL COMPETITIONS LIMITED,15985331
LUCKY DRAW LTD,14274142
PREMIUM DAILY TIPS LTD,15031584
HELPBET SPORTS BETTING ANALYTICS LTD,15183062
NB LEISURE LIMITED,SC160764
CLASSIC LEISURE (NORTHERN) LIMITED,2581191
TAPA LEISURE LTD,13670702
APPLE LEISURE LIMITED,11535027
GRACE MEDIA LIMITED,12374912
ASTORIA BINGO CLUB LIMITED,552926
HARLOW TOWN GREYHOUND ENTERTAINMENT LIMITED,8326686
SCOTSWATCH LTD,SC824174
TIPCOMP LIMITED,12385849
WILLIAM HILL HOLDINGS LIMITED,3688930
TECH TITANS COMPETITIONS LTD,SC824317
WILL HILL LIMITED,3447836
WILLIAM HILL FINANCE LIMITED,3461992
POINTSBET UK LIMITED,13655764
ASSET LEISURE LIMITED,11942769
NO BULL COMPETITIONS LTD,14638051
WILLIAM HILL INVESTMENTS LIMITED,3721293
I-POOLS LIMITED,8082540
THE STARTING PRICE REGULATORY COMMISSION LIMITED,5215217
BRIGHTON PALACE PIER (HOLDINGS) LIMITED,10082699
M COOK BUSINESS LIMITED,15152566
FREE BET SIGNUP LTD,13804202
TAYLORNOVA LIMITED,14607605
BITSPORT LTD,14462804
HAPPY MANAGEMENT LIMITED,14462238
SWIFTY GLOBAL (UK) LTD,13287021
MENDIP COIN COMPANY LTD,11612836
JACKPOT LEISURE LIMITED,4352447
COMBATGAMER LTD,14400438
BIRDCO LTD,9681179
AUSTIN LEISURE LIMITED,7947086
SYSTEMATIC SPORTS LTD,13688812
ST. OSWALD'S HOSPICE PROMOTIONS LIMITED,3146260
FUNKY MONEY LIMITED,15914604
T & D LEISURE LIMITED,5957332
CB GAMING SOLUTIONS LTD,11592880
ASTERIA LEISURE LIMITED,3935592
FESTIVAL RACING ON COURSE LTD,3686880
DOUBLERHYME LIMITED,6673468
DIGITAL LOTO LTD,13802061
LISKEARD LEISURE LIMITED,5994760
REBEL APPS LTD,SC514216
GOLDLOOT LTD,15309950
TIPSTER CHAMPIONS LTD,11777809
TARGETLOCAL LIMITED,2662814
TOM CURRIGAN LIMITED,1349329
HYPOTHESIS LTD,15202068
DARE ME LLC LIMITED,14580091
GRADIA LTD,16034985
BIDDLE LEISURE LIMITED,4359242
BET CENTRE (KIOSK) LIMITED,10964326
GEEK MARKETING LIMITED,7489816
ACTION GAMING LTD,14519237
VENTURE COMPETITIONS LIMITED,15242631
QUEENSCOURT HOSPICE ENTERPRISES LIMITED,2873874
WAR ROOM PRIZES LTD,14610296
PIPE-DREAM (UK) LIMITED,5235828
BLOCK HEIGHT GAME LTD,15034535
GOLDEN DRAGON 18 TABLE GAMES LTD,8096095
BET ON DAVE LTD,10455641
LBC ENTERPRISES LIMITED,15056071
GIVEAWAY FRENZY LIMITED,15109237
RITZ BINGO LTD,8040428
LUXURY LEISURE,2448035
CRAZY COMPS LTD,15141325
FLORRALE LTD,15991583
WILLSTAN PROPERTIES LIMITED,NI004432
GALA CASE LIMITED,NI633573
BOLTON HOSPICE LOTTERY LIMITED,4143584
SPORTECH GAMING LIMITED,4118085
MVMCCARTAN LIMITED,5325294
CROLES AMUSEMENTS LIMITED,4550986
DRS AMUSEMENTS LTD,13811783
RAFFLR LTD,15013699
GRAVES (CUMBERLAND) LIMITED,273979
BETVIP365 LTD.,14251908
COPYBET UK LTD,10949712
LUCKYNUMBER LTD,15014250
POSTCODE LOTTERY LIMITED,4862732
BETTING BIAS LIMITED,7441799
ASLAN 1965 LIMITED,14657707
T.E. CORDWELL (HYDE) LIMITED,653264
ST LUKE'S HOSPICE PROMOTIONS LIMITED,2862345
M.S.S. SUSCH LIMITED,7009535
HCM LEISURE LIMITED,15216205
JPM GAMES LIMITED,8905224
PALAIS BINGO LIMITED,8728175
MERLYN MEDIA LIMITED,9555306
RETROPOLIS CLASSIC AMUSEMENTS LTD,15215837
HALESPIN GAMES LIMITED,15251154
MILTON MILES LTD,15251219
SORUG LTD,15107247
GROSVENOR CASINO EXCHANGE LTD,13261683
RAFFLES GALORE LTD,16075881
BOYDY LTD,14553850
MEGABET UK LTD.,2050734
MVP BETS LTD,14297017
B & M AUTOMATICS LIMITED,636675
OAKHAVEN LOTTERY COMPANY LIMITED,3339521
VITAL&TECH LTD,16078124
WORCESTERSHIRE HOSPICES LOTTERY LIMITED,3689508
NORFOLK GAMING LIMITED,15150005
KV LEISURE LTD,9422420
PIKE CONSULTANTS LTD,11817139
STRONGER THAN THE PAST LTD,11284492
RED4LIME LTD,11876200
POYMATICS LIMITED,810118
CLOUD COMPETITIONS (CUMBRIA) LTD,15256163
INNOVATIS LTD,16108330
MARY STEVENS HOSPICE LOTTERY LIMITED,3885815
BET MILLION LTD,13841068
TREETOPS FUNDING LIMITED,3183322
ANDKER LTD,9343392
BIGTIME COMPETITIONS LTD,14434956
MERKUR SLOTS UK LIMITED,1038403
JAKPOT LIMITED,16047053
STOREXE LIMITED,8849430
GAMING TIME LTD,7556344
BGBET LIMITED,3187011
STRAIGHT FLUSH AFFILIATES LTD,12496268
WHITE ROSE LEISURE (YORKSHIRE) LIMITED,4184414
RAFFLE FACTORY LTD,SC758006
DIAMOND GAMES LIMITED,7188369
36GAMING LIMITED,16060742
MVM GAMING LIMITED,16059203
EQUESTRIAN RISK MANAGEMENT SYNDICATE LTD,6430119
SPREADEX.COM LIMITED,3542879
LOTTERY SYNDICATE LTD,15277866
WIN VOLTAGE LTD,14709602
DOUGLAS MACMILLAN HOSPICE STAFFORDSHIRE LOTTERIES LIMITED,3522075
MAGNUM BET LIMITED,16091247
BFS MARKETING LTD,11815733
EURO CADABRA LTD,SC388369
LECALE COMPETITIONS LTD,NI723995
LOROS LOTTERIES LIMITED,3179552
PRIZE DRAW CLUB LIMITED,SC788993
FUTURAGE LTD.,8782262
THECOMPKIDS LTD,15262055
COOPERS AMUSEMENTS LIMITED,15813055
KHURANA’S BOOZE AND NEWS LTD,13638948
JACS JACS LTD,15223681
THE GIVEAWAY GARDEN CENTRE LTD,SC759216
THE NOBLE LEISURE COMPANY LIMITED,SC135188
LUCKY CAT CASINO LIMITED,11816075
SP GRAHAM 2013 LTD,NI621208
FRANK BOOTH & SONS LIMITED,690511
F B (AIRPORTS) LIMITED,6566441
SP GRAHAM RETAIL LTD,NI621184
ST. CATHERINE'S HOSPICE PROMOTIONS LIMITED,2767558
FULL MOON GIVERWAYS LTD,15266298
XOXOWIN LTD,16112782
SUNDERLAND (COURSE) LIMITED,1636120
THE HOUSE OF QAMI LTD,15327156
BB BINGO LIMITED,13770383
BOOTLEG DIGITAL LTD,8105903
SHIPLEY ESTATES LIMITED,2893985
SPIFFING BET LIMITED,11884567
AUTOGEAR COMPETITIONS LIMITED,15302472
SCORESHARES LTD,13965332
TRIANGLE AMUSEMENTS LIMITED,361399
LETZ PLAY LIMITED,5773038
LEE BOLINGBROKE RACING LTD,6444579
SHIPLEY INVESTMENTS LIMITED,6514609
PIOR LIMITED,9966203
NOBLE CORP LTD,11882351
22ADVANTAGE LTD,12031147
ITECH GAMING LIMITED,10668656
UK PUNTERS LTD,13224001
WATTON MEDIA LIMITED,11163181
CHARLIE EDWARDS LEISURE LTD,11266971
RNIB FEEL GOOD FRIDAY LOTTERY LIMITED,11275644
FLUTTER MEDIA LTD,11283879
SHAFTESBURY CASINO LIMITED,10071143
S.EDWARDS AMUSEMENTS LTD,14048374
ACE & JACK’S POKER LEAGUE LTD,13998093
CROSSREAGH,NI693709
AK BETS ONLINE LIMITED,14620743
FALKON&KO LIMITED,14702581
MJ GAMING LIMITED,14728214
REEL POWER LIMITED,14851915
NOVA CASINO LTD,14772516
TOP TOMBOLA LTD,14772799
MYMONEYMEMBERSHIP LTD,14540960
LORD BETTING GROUP LTD,14528795
IFINDUK LTD,14656260
SUPERHIT RAFFLES LIMITED,14742581
LEDDY CONSULTING LTD,13036663
S.P. GRAHAM LIMITED,NI009702
CENTRAL BOOKMAKERS LIMITED,NI013596
TELCO TRADING LIMITED,NI017362
TOALS BOOKMAKERS,NI033873
CAM AMUSEMENT LIMITED,NI072180
ANGAR LIMITED,NI617938
SINGLEVERSE LIMITED,12386156
ONE TIME GAMING LTD,12593825
ITS ONE OF OUR OWN LIMITED,10051187
ASSURED GAMING LIMITED,10267238
KALOOKI RACING LTD,10731050
MAKE A SMILE LOTTERY LTD,10766472
DICAX LTD,11870966
FLUTTERS BINGO LIMITED,10703753
WOFFER LTD,10089642
CROWN HOLDINGS INTERNATIONAL LTD,11977696
STM LEISURE LIMITED,5105781
WINNERS GAMING LIMITED,4683724
FAMILY LEISURE HOLDINGS LIMITED,3585991
MAINE AMUSEMENTS LIMITED,3746875
THE RACECOURSE PITCHES LIMITED,9136708
UKAUTOMATICS LIMITED,9155621
JOE JENNINGS (HARLOW) LIMITED,8299514
PB RUNNER LTD,7566232
BURY HOSPICE TRADING LIMITED,2786522
SANDSIDE ASSOCIATES LIMITED,2904766
OLDLAND LEISURE LIMITED,2019706
MECCA BINGO LIMITED,1854120
MILLERS AMUSEMENTS LIMITED,2193074
CORBETT BOOKMAKERS LIMITED,998813
SUMMIT LEISURE (MARKET STREET) LIMITED,2580836
SUMMIT LEISURE (CLAYTON) LIMITED,2580840
FAMILY FUN CENTRE LIMITED,2709502
WEST COAST AMUSEMENTS LIMITED,366876
D. LATHAM LIMITED,665439
PLAYLAND HOLDINGS LIMITED,721684
SUMMERTIME AUTOMATICS LIMITED,876956
GROSVENOR CASINOS LIMITED,877080
ARBSHARK LIMITED,9515116
JAMES JOHN LOVELL LTD,9382223
TV2U GAMING LIMITED,9385495
YOUR HOSPICE LOTTERY LTD,8483098
E-CLICK LTD,8483903
LEIGH AUTOMATICS LTD,8497719
2IYF LIMITED,8412831
PETER EASTWOOD BOOKMAKERS LIMITED,5394632
BETTING SHOP SERVICES LIMITED,5310821
JENNINGS RACING LIMITED,5726089
JENNINGS RACING (2006) LIMITED,5739391
SUN ORBIT AMUSEMENTS LIMITED,6157271
GLYN JONES RACING LIMITED,3692250
GAMING INVEST UK LTD,7559392
GFB RACING LIMITED,7205182
FRIENDS OF THE NW AIR AMBULANCE LOTTERY COMMUNITY INTEREST COMPANY,6646759
PASTIMES (HORNSEA) LIMITED,835633
PLAZA LEISURE LIMITED,906787
ESSEX & HERTS FLIGHT FOR LIFE LOTTERY LIMITED,4269794
POSTCODE GLOBAL TRUST,SC449876
TB GAMING LIMITED,14320843
BETEXTRA LIMITED,7348875
FUNTOMIC LIMITED,10364906
SPRINGHILL HOSPICE (LOTTERY) LIMITED,3310929
HOSPICE OF THE GOOD SHEPHERD PROMOTIONS LIMITED,3350371
EURODUTY LIMITED,3475655
RICEPARK RACING LIMITED,11511654
RANK LEISURE LIMITED,3417930
MAYFLOWER GAMING LTD,11987056
4X4 COMPETITIONS LTD,15667556
DEESIDE BOOKMAKERS LTD.,SC248536
LOVE 2 CELEBRATE LIMITED,6530389
NTK LEISURE LIMITED,NI033986
MR P'S CLASSIC AMUSEMENTS LIMITED,8181015
QUIDBID LTD.,10113464
WIZARD TIPSTER LTD,15172549
SHIV PARIVAR LTD,15579886
AEADANIS LTD,15585997
PAWSOME COMPETITIONS LIMITED,15601682
SCOREFAM UK LIMITED,15611887
EXCLUSIVE COMPETITIONS LTD,15619201
ALLARTPASSION LTD,15623552
BEAUTIFUL COMPS LTD,15624592
PLAY AND BE TRUE. LTD,15369826
TICILUX LTD,15380353
GRAHAM JONES (COURSE) LIMITED,15385240
THE BETTING BEE LIMITED,15386775
BEYOND PLUS LTD,15391110
POT SPORTS LTD,15395136
MY BETTER LTD,15405893
THE ALERTS (AFFECTED LIVED EXPERIENCE RESEARCH TREATMENT SUPPORT) GROUP CIC,15411029
VIVO-GAMBLING LTD,15423173
REGPLUG COMPETITIONS LTD,SC806677
10K NETWORK LTD,15662903
GAMING CLUB LTD,15670628
GRAHAM J. THORPE LTD,6650987
SNAZZY SNAFFLES LIMITED,15636389
CONTEST CRAZY COMPETITIONS LTD,15646751
ANGEL RAFFLES LTD,15649485
DIPITY VENTURES LTD,15656290
GAMESTAR LEISURE LTD,10944817
PLAYING THE GAME LIMITED,7174339
SUMBET LTD,SC537464
LECHJOKE LTD,12905408
BAXTER E-SERVICES LIMITED,5899117
LIVINGORNOT LTD,15742397
H.H.REEVES(WILTON)LIMITED,963789
GEM AUTOMATICS LIMITED,2563357
BETRESCUE LIMITED,4795025
HIGH FORCE LEISURE (NEWTON AYCLIFFE) LIMITED,12886673
KEN JOYNES & SON LTD,5124623
SPOTLIGHT ONLINE GAMING LTD,7063458
MCCABE & SMYTH BOOKMAKERS LTD,NI688789
BLACK CARD COMMUNITY LOTTERY,12731169
HARD ROCK CC LONDON LIMITED,10856518
VEGAS BETTING LIMITED,4481263
METRIC GAMING (UK) LIMITED,10287606
BITB CASH LTD,SC673038
J.E.M. LEISURE LIMITED,2025810
HESLEY MEDIA LTD,10260284
M8 SOCIAL LTD,14195165
TPOOLCO LIMITED,11300296
POLICY GAMING GROUP LTD,15407126
ROWLAND AND ROWLAND LIMITED,338383
THORNHILL DUNBAR LIMITED,12201919
TLC LOTTERIES LIMITED,3186938
COMPASS ENTERTAINMENT LTD,5058093
M.S. ENTERTAINMENTS LIMITED,1757589
NETWORK FANTASY HOLDINGS LIMITED,11759932
D.P. LEISURE LIMITED,2607518
CLIFTON BINGO CLUB LIMITED,316849
ISLAND ENTERTAINMENTS LIMITED,6715911
RACE TO RICHES LTD,15007671
LADBROKES CORAL GROUP PENSION TRUSTEE LIMITED,6578573
IBET GLOBAL LTD,11247615
GB SPORTS ADVISORS LIMITED,11612034
ONLY FAN STANDING LIMITED,10794722
VSERV GROUP LIMITED,7649200
WON FOR ALL COMPETITIONS LTD,14889803
PUNTERS LOUNGE LTD,5189893
SJS LEISURE LIMITED,10797273
BERKSHIRE ANALYTICS LTD,11056686
GH ON COURSE LTD,NI612948
CORCRAIN ENTERPRISES LIMITED,NI019117
BETFRED INTERNATIONAL HOLDINGS LIMITED,11383525
OSSIE MILLER LIMITED,9022395
REFRESH GAMING LIMITED,10932792
THE BOLLOM ORGANISATION LIMITED,7083978
VALUABLE TIME LTD,15738238
PARTHENON INVESTMENTS LTD,7230269
RAFFLEABLE LTD,13439672
BETTING SITES LTD,10315425
LUSH GAMING CONSULTANCY LIMITED,11512452
WILLIAM HILL (EFFECTS) LIMITED,3972501
WINDELL LEISURE AND ENTERTAINMENTS LIMITED,NI030864
CLARK RACING (NORTHERN) LIMITED,2515761
LIONHEART ENTERTAINMENT LIMITED,15741563
VOLLTREFFER BET FUN LTD,7388933
QUALITY AMUSEMENTS LIMITED,3347772
ML ADVENTURES LIMITED,12798682
BETFEED LTD,15754194
NATIONAL GAMING MACHINES LTD,13593164
THE PLAYERS CLUB UK LIMITED,5774782
ASPERS (STRATFORD CITY) LIMITED,7246090
ALPHABET SPORTS LIMITED,7884978
ASPERS (MILTON KEYNES) LIMITED,4498928
CASINO DEVELOPMENTS LIMITED,4917875
PETER SUTTON ON COURSE LTD,11256429
T33 GAMING LTD,12534396
VICTORIAN GENTLEMAN'S CLUB LTD,12940822
POWER LEISURE BOOKMAKERS LIMITED,3822566
BIG BIDZ COMPETITIONS LTD,12965974
C P B MACHINES LIMITED,4920033
WYCOMBE COIN LIMITED,1474326
SLOTS TRADING LTD,12886148
ACCUMULATOR APP LTD,14225709
MAURICE CHARGE LIMITED,5669624
BONANZA LEISURE LIMITED,6967470
SHOWMANS (EAST LONDON) LTD,14492507
GAME WORLD LIMITED,2717352
SPORTING LEAGUES LIMITED,12943776
ASCOT RACECOURSE BETTING & GAMING LIMITED,10732757
FIRSTPASTTHEPOST LIMITED,7069779
BEE-ETHICAL LTD.,9314392
GAME CHANGING MEDIA LIMITED,SC548044
THE OXFORD BINGO CLUB LIMITED,5520931
FANTASIFY LTD,15863561
ALFRED HAIG LIMITED,14971865
FUNWORLD LIMITED,1303203
SANGSTER CONSULTING LIMITED,11452280
SCOTT MAC MEDIA LTD,14232211
BETVICTOR ON COURSE LIMITED,3389407
HALL LEISURE LIMITED,2100957
BLACKJACK RACING LIMITED,5267191
BREAKOUT OPERATIONS LIMITED,2593339
BARNEY O'HARE LIMITED,NI683440
DALE JAMES (BOOKMAKERS) LIMITED,4126799
PUNTERS CORNER LTD,13792426
MARY ANN EVANS PROMOTIONS LIMITED,3289630
BETFAIR LIMITED,5140986
147 INVEST LTD,15871457
AVANGARD-GAMBLING LIMITED,15497119
PRIME COMPETITIONS LTD,15501872
SR7 COMPETITIONS LIMITED,15521374
C’MON COMPETITIONS LTD,SC800695
QUIDS IN COMPS LTD,15551642
CRUCIAL COMPETITIONS LTD,15558122
CASH CARS & LUCKY STARS LTD,NI704242
POL STEWART 001 LTD,SC788243
STREETBRIDGE RACING LTD,15263798
TR RACING (KENT) LIMITED,15267858
TIPWEB ANNE LIMITED,15430353
STARSEA EXPLORATIONS LIMITED,15440643
Q LOTTO UK LTD,SC796555
PRIZE OASIS LTD,15453654
FANDKCOMPETITIONS LTD,SC797736
SHOWSTOPPER GAMES LTD,15468685
WESTERN GAMING LIMITED,15475686
GAMBA SERVICES LTD,15238364
JP EXCLUSIVE LTD,15276569
NEXT GEN BET LTD,15277210
SB TRADING SOFTWARE LTD,15289242
TARGET COMPETITIONS LTD,15301920
THE RAFFLE CHAMP LTD,15335036
L&S COMPETITIONS LIMITED,SC800360
BESTONLINECASINOS LTD,15528780
MDRLW LTD,15547200
MAJESTIC TWELVE LIMITED,15560446
JOLLY VIP LOUNGE LTD,SC803130
KASHLUCK LTD,15456986
OS TECHNOLOGIES LIMITED,15461079
PHILIPPINES ASIA ATLANTIC LTD.,15317756
OPEN SMART GAMBLING TECHNOLOGY LTD,15326596
SCENARIO SEVEN GROUP LTD,15339874
FREE SIM LTD,15130816
LUX499 LTD,15157904
LUNÁRIQUE LTD,13828284
COUNTGRADE LIMITED,1162854
FIRST 1 CLUB LTD,7161683
ACADIAN LEISURE LIMITED,4852077
SANDTOP LTD,15881940
STARS GROUP UK2 LIMITED,11438433
KEVIN THOMAS & COMPANY LIMITED,2201692
RACE4POINTS LTD,14285594
RIGBY SPV LIMITED,11298597
SJRP INVESTMENTS 2023 LIMITED,15210039
RM ENTERTAINMENT LIMITED,15882363
ELEVEN ELEVEN GAMING LTD,11141083
GAMING CHANGERS LTD,8472546
P1 COMPETITIONS LTD,15906108
DJ & GC CAMM & SON (AMUSEMENTS) LTD,10107339
RSM GAMING CONCEPTS LTD,10917817
GR8ODDS LTD,6859906
BOYLE LEISURE LIMITED,NI041157
KITSUNE GAMING STUDIOS LTD,15909593
CAMELOT BUSINESS SOLUTIONS LIMITED,7553982
JLV INVESTMENTS LTD,10510945
BETAID ORG LTD,15914273
LOTEQ LTD,15914922
THE CLERMONT CLUB LIMITED,5878242
SOUTHPORT BRIDGE CLUB LIMITED(THE),699484
THE SPORTSMAN CLUB LIMITED,2685714
LONDON CLUBS SOUTHEND LIMITED,3575588
METROPOLITAN MAYFAIR LIMITED,2690210
BRANDLE'S AMUSEMENTS LIMITED,14301651
GENIUS SPORTS SERVICES LIMITED,10327058
CHESHIRE SPORTING CLUB LIMITED,4283699
SILVERTIME CASINOS LTD,11533494
ZEROMAX BET LTD,12629434
BEACON BINGO ENTERTAINMENT LIMITED,15424816
BETME LIMITED,10414305
PLAYTEK GAMING LIMITED,SC745310
J.E.M. AMUSEMENTS LIMITED,7519969
N E -BET.COM LIMITED,11327870
FIELDCO LTD,12256941
CJS LIFESTYLE LTD,13497785
PRIZE AND JOY LTD,12698204
POLARLOTTO LTD,13486987
CATS PROTECTION CARE LOTTERY LIMITED,12249371
BETFRED TECHNOLOGY LIMITED,10588330
LITTLE VEGAS (N.I.) LTD,NI614100
ORCADORK LTD,13499974
PLAYLAND AMUSEMENT CENTRES LIMITED,1923888
CRUCIBLE GAMING LTD,14159239
GRANDSTAND RACING LIMITED,9137252
VALLEY GREYHOUNDS LTD,14364459
MEERON LIMITED,3532120
THE NEW LOTTERY COMPANY LIMITED,12106979
THE HEALTH LOTTERY LIMITED,7111216
MONTAGU ADVISORY LTD,15809104
INSTANT WIN GAMING LIMITED,7852508
POSTCODE SUPPORT TRUST,SC510360
SWEET SENSATION (SCOTLAND) LIMITED,SC769303
WHITE CITY RACING LTD,15874550
GREEN BOOK TRADING LIMITED,11213446
FOOTBALLACCA LTD,8201121
LUXOR LEISURE LIMITED,4265419
EZE GAMING LIMITED,NI621824
NDH VENTURES LTD.,2716380
BETABLE LIMITED,7080629
BLIND TIGER GAMING LIMITED,10369331
IRELAND ENTERTAINMENTS LTD,SC778483
NATIONAL TRUST (ENTERPRISES) LIMITED (THE),1083105
J-CR LTD,12696054
AJH RACING LTD,14485552
ALFA PLAY LTD,14724128
AEONLINESTORE LTD,15895456
BETTERBETTING LTD,15895727
POSTCODE EDUCATION TRUST,SC513161
PAREL LIMITED,NI666843
SAINT CATHERINES HOSPICE LOTTERY LIMITED,3580724
CROWN BOOKMAKERS LIMITED,NI013919
VALERFINANCE LTD,15872997
UNIT ROAD CREATIVE LTD,SC818301
EP COMPS LTD,15812669
TOTE DIGITAL LIMITED,7727663
ELITE CASINO ACADEMY LIMITED,11445635
S D BETS LIMITED,7397630
M.S.L. LEISURE HOLDINGS LIMITED,1874130
CREVENT1 LTD,13806558
GOLDEN TICKET COMPETITIONS LTD,15809779
P&J DE VILLIERS LIMITED,11558192
TIPSTER 4U LIMITED,8385447
CORNISH COMPETITIONS LTD,15480772
CASINOS OF MAYFAIR INTERNATIONAL LTD,3204237
TOTE BOOKMAKERS LIMITED,852040
"INFINITE CORE TECHNOLOGIES CO., LTD.",15802242
ARCADIA AMUSEMENTS LTD,NI638321
COMMODORE LEISURE & ENTERTAINMENTS LIMITED,NI029956
DG SKYE LIMITED,NI615060
PB AMUSEMENTS LIMITED,NI606691
MBV INVESTMENTS LIMITED,NI606693
RANGERS LOTTERIES LIMITED,SC040034
TOTE (SUCCESSOR COMPANY) LIMITED,7540080
TOTE CREDIT LIMITED,574813
FITZDARES LIMITED,5478072
GAMSAVE LIMITED,15629116
BIG SMILE MEDIA LTD,SC699820
ZD TECH LTD,15848082
GOLDEN GOALS TECHNOLOGY LTD,14768597
WINSLOW TWO,6422133
SPORTS HUB GLOBAL LTD,15853997
12TH PLAYER LTD,12097242
ROSE AUTOMATICS LTD,10505482
TOGO BETTING LTD,14993523
GB AUTOMATICS LTD,10225233
DD COMPETITIONS LIMITED,SC747525
PHONE NUMBER LOTTERY LIMITED,10793555
CALVIN RACING & BETTING LIMITED,10087308
ALAN BUSHELL RACING LTD,11380050
GAMESYS GROUP LIMITED,10303804
DEMMY THE BOOKMAKER LIMITED,2785718
TOTE EUROPOOLS LIMITED,2629917
GIFTCIRCLE LIMITED,2652018
BEAUMONTIQUESRACING LTD,15775289
TOTESPORT LIMITED,5036314
TSE (INTERNATIONAL) LIMITED,5020953
ROCK N ROLL BINGO LTD,13945598
ERROLBROOK LIMITED,1772934
JEFFRIES ONLINE LTD,14346530
URMSTON AUTOMATICS LIMITED,1115623
CLIC SARGENT LOTTERY LIMITED,10791106
PHONETHREAD LIMITED,5417892
CAMEC (SCOTLAND) LIMITED,656636
CAMEC LIMITED,308820
TRACKCYCLE LIMITED,4180225
WILLIAM HILL (FOOTBALL) LIMITED,389219
WILLIAM HILL (ESSEX) LIMITED,1374068
UPSURGE INVESTMENT LTD,SC784441
CS RAFFLES LTD,15568230
FAMILY GUYS COMPETITION LIMITED,15594813
AIMTHEMILLIONSCG LTD,15378863
CYBERNEST VENTURES LTD,15419131
FAIRPLAYSBETTING LTD,15711829
CREST AMUSEMENTS LTD,15710835
FANTASIA TOYS & GAMES LIMITED,12270203
NFT LTD,12971263
THE RIDINGS (RACING) LIMITED,6620554
UNIDIPS LIMITED,14896776
H. BURT (RENTALS) LIMITED,755916
EAST KENT LEASING LIMITED,8281980
PREMIER PROMOTIONS LTD,NI690883
BETIZEN LIMITED,14103505
RAG TABLE GAMES LTD,7631973
CRAVEN SPORTS LIMITED,12606669
LETTINGS RAFFLE LTD,15713227
GENTING CASINOS UK LIMITED,1519689
POSTCODE SOCIETY TRUST,SC478727
BOWMAN LEISURE LIMITED,3000359
RALPH KEAST CONSULTANCY LIMITED,9344916
SEPTEMBER PINK LIMITED,7314343
TOTE UK INTERNATIONAL LIMITED,5147460
GAME STACK LTD,13784138
BIG GAME LIMITED,1499271
MB (NW) LTD,13734082
JACK CECIL LTD,8479006
NEEDNEUTRAL LIMITED,2027522
CASTILLO 1704 CONSULTANCY LIMITED,15799453
4HORSE RACING LTD,14925526
BET 247 LIMITED,630834
RACING WIN LIMITED,10204839
UK LOTTERY LTD,15798540
BITCOIN GIVEAWAY CLUB LTD,15797067
MONETARY CONSULTANCY 2.0 LTD,15795904
RANGERS FC YOUTH DEVELOPMENT COMPANY LIMITED,SC040033
HYDRO SOLUTIONS FYLDE LTD,9612888
TOTE LIMITED,4138232
THE BETTING EDGE LIMITED,15772341
OG SPORTS PARTNERSHIP LIMITED,13712982
HANLEY RACING LIMITED,1808272
TOTEPOOL LIMITED,5036312
A & R RACING LIMITED,3625512
RUBY COMPETITIONS LTD,NI716871
WILLIAM HILL (EDGEWARE ROAD) LIMITED,810023
ARENA RACING LIMITED,2933005
DARTLAKE LIMITED,2058980
WALLIS POWER SPORTS BETTING LTD,14871187
COPELAND ZAMORA ENTERPRISES LTD,10376538
SJRP INVESTMENTS LTD,8665151
BB EXPERIENCE LTD,SC813991
POSTCODE CULTURE TRUST,SC426288
HR MEXICO INVESTOR LIMITED,12051902
P & F GROUP LIMITED,NI645942
RUDE MEDIA LTD,NI691072
EUROPEAN BUSINESS CORPORATION LTD,7846256
AMATEUR POKER LIMITED,5612369
ALCHEMYBET LTD,7003018
GECKOTECH LTD,15812784
PUNT PREDICTIONS LTD,9750478
AVENUE SPORTING TECHNOLOGY LIMITED,15944711
NIGHTINGALE HOUSE LOTTERY LIMITED,3139714
BOYLE BOOKMAKERS LIMITED,NI040653
LEGENDERRY BINGO CIC,NI700028
ANETICO LIMITED,6860193
ZYPHERO LTD,15923428
MBC ELM LIMITED,SC513712
SUPERBIKERAFFLE.CO.UK LTD,11833079
ONLY FINS COMPETITIONS LTD,15951273
BETFACIL (UK) LTD.,10675554
GOLDEN SLOTS (SOUTHERN) LIMITED,9071108
TSE HOLDINGS LIMITED,5172296
HARRY'S AMUSEMENTS LIMITED,9444151
LADBROKES CORAL GROUP LIMITED,566221
SPORTING ODDS LIMITED,3655231
BETWIZ SPORTS LTD,8737243
CARLTONBINGO.COM LIMITED,SC310500
CITIBET LTD,14546746
CITIBET EXCHANGE LTD,14584818
IGT (UK 1) LIMITED,4839179
BRIAN EDWARD LIMITED,3708257
COMPTON CARE LOTTERY LIMITED,3188860
GOLDEN CHANCES CIC,15931420
BET366 LTD,14254302
COMPETEEAZY LTD,15102888
AMERICAN SPORTS UK TRADING LTD,15181433
BULLFROG MEDIA LTD,16006303
"HORSE RACING HERO TECHNOLOGY CO., LTD.",16005135
STEALTH LEISURE LIMITED,3204595
AMLIND (UK) LIMITED,3873661
LEAGUENOTION,2540173
BOYLESPORTS (NI) LIMITED,NI041573
FASTBALL PARENT 3 LIMITED,13093828
PLUTO POKER LTD,14560483
OASIS FAMILY LEISURE LIMITED,5076791
STARDUST LEISURE (2000) LIMITED,4078029
METRIC TRADING LIMITED,12432917
BET PIGEON 24/7 LTD,NI722767
BET ESSEX (UK) LTD,7879923
FIELDGATE SOLUTIONS LTD,8405276
GOTTO LIMITED,6033820
AMAZINGPRIZECOMPETITIONS LTD,15247249
BALEDAY LTD,7443123
CASHINO GAMING (E&J) LIMITED,2147788
MERKUR CASINO ENTERTAINMENT UK LIMITED,14838870
MJM COMPETITIONS LTD,15165170
THE WIDDERS LITTLE PUB LIMITED,13274021
MONEY SLOT LIMITED,16009930
UNITED LEISURE LIMITED,971618
QUALA LTD,14602975
RAL LIMITED,1940045
BRADLEY ALLEN LTD,15237658
LES AMBASSADEURS CLUB LIMITED,2708889
ASTIC LIMITED,4350735
BONANZA GAMING LIMITED,12430067
INSPIRED GAMING (UK) LIMITED,3565640
CARPBOND LIMITED,6731611
JACKPOT HOLDINGS LIMITED,16017588
CHISHOLM BOOKMAKERS LIMITED,1985613
MAXIBET UK LIMITED,14635735
NEXSTAR LIMITED,8055217
DAC SPORTS CONSULTANTS LTD,12403051
SPORTITO LIMITED,11910753
NAUGHTON-ALLEN CONSULTANTS LTD,7746608
KEMPTON PARK RACECOURSE COMPANY LIMITED(THE),901125
TACARA LIMITED,4729148
LIFEWAVE LIMITED,4081423
STANLEY SYKES LTD,8863103
HALLSPORTS LIMITED,1977309
STATE CASINO (NORTH WEST) LIMITED,7106940
THE QUIZ MACHINE COMPANY LIMITED,11732462
ST. KENTIGERN PROMOTIONS LIMITED,3265191
SAWYER BROS. (BOOKMAKERS) LIMITED,3700893
THE GOLF LOTTERY LIMITED,13319071
POSTCODE PLANET TRUST,SC476386
POSTCODE NEIGHBOURHOOD TRUST,SC623059
POSTCODE PLACES TRUST,SC623202
DAVE BOWE LIMITED,3916923
RANDOM MZ SOLUTIONS LTD,15006218
WECLEANEDUP LTD,15001932
BRADDICKS LEISURE LIMITED,894651
MATCH IT SPORTS LTD,14850506
MUSTARD STRATEGIES LIMITED,8893013
CLEARWATER CASINO CONSULTANCY LIMITED,3710609
WIN 12 MONTHS,8501173
4CASTSPORT.COM LIMITED,4906081
BRIGHTON PALACE PIER (ASSETS) LIMITED,10082743
LEM PAY LTD,15996215
SEVERN PROMOTIONS COMPANY LIMITED,2973920
RNIB DIRECT SERVICES LOTTERY LIMITED,10907799
AKINS AUTOMATICS COMPANY LIMITED,662186
VSERV (UK) LIMITED,5220369
SHOP@THESHIP LTD,12183399
SDUNN CONSULTING LIMITED,14526939
DEADHEAT RACING LIMITED,8016564
CRACKERJACKPOT LIMITED,8221671
AMUSEMENT CATERERS (SHEFFIELD) LIMITED,788525
BOYLEBET LIMITED,NI041164
TUCKWELL CHASE LOTTERY LIMITED,3508815
MARITIME GAMING LTD,15047368
NOVUS BC LIMITED,7043047
OFF COURSE BOOKMAKERS LIMITED,1987776
VERITAS BETTING AND GAMBLING LIMITED,11177465
MWO CONSULTING LTD,14507480
K & J LEISURE LIMITED,4415776
EUROPEAN HOUSE LOTTERY LTD,12643436
JUNGLE X UK LTD.,8431063
FULL GAMING MANAGEMENT SERVICES LIMITED,8354998
WOODLAND TRUST (ENTERPRISES) LIMITED,2296645
LEISURE ENTERTAINMENT HOLDERS LIMITED,7068247
YORKBET LTD,11614368
CASH ONLY RAFFLES LTD,14620151
ACN - ALL THE CARE YOU NEED LTD,11745274
IHRT LIMITED,13137315
SKILLBET LTD,10608134
SKILLBET ON COURSE LTD,13749946
FLICKER LIMITED,SC769234
SHIPLEY & SONS (AMUSEMENTS) LIMITED,685732
THE PETER FOSTER COMPANY LIMITED,14938600
TBDUK LIMITED,11417234
CADMANS LEISURE CENTRES LIMITED,1555323
CARIBBEAN HOUSE LOTTERY LTD,14941167
F.NEW (TURF ACCOUNTANT) LIMITED,739605
LORDS CLUSTER LTD,15318806
RAFFLE ROULETTE UK LTD,13047274
FOOTBALL LOTTERY FOUNDATION LIMITED,13126015
CRASHUSDT LTD,16052283
CASTLE SPORTING SERVICES LTD.,2486630
INVICTA COIN SERVICES LIMITED,1829670
BGXUK LIMITED,14499795
BRANDFORCE MARKETING LTD.,5277863
ELITE PLAYER MANAGEMENT LTD,16099063
SHOPABUDDY LTD,16098261
GEODORHEN ENTERTAINMENT LIMITED,15191882
BETBILLY LTD,13800428
SHREWD SPORTS LIMITED,NI677913
ANTIMIMIK FILM LTD,16054868
PHOTON GAMING SOLUTIONS LTD,16049172
BETZONE LTD,12976148
JOHN CONRAD LTD,16062477
APOLLO BOOKMAKERS LIMITED,7325710
THE CORN LAW LEISURE GROUP LIMITED,14605645
EXCELBET LIMITED,7833393
PADDY CAMPBELL RACING LIMITED,3851760
BET WITH SHERLOCK LIMITED,10606168
TWLG LTD,16064044
POSTCODE RAFFLES LTD,15411169
THRONKER LTD,9941791
KM RFG LTD,15241351
ELITEBET88 LTD,15566753
ROAR BETTING UK LIMITED,5746823
KE ENTERTAINMENTS LIMITED,SC154193
ROBMARWIN LIMITED,16073713
CRAZY CAT COMPS LTD,16073879
E. COOMES (SOUTH LONDON) LIMITED,963946
ATTICA GAMBLING LIMITED,7890260
LILLYWHITE RACING LIMITED,4373468
GOLDRUSH PORTRUSH LIMITED,NI656802
ENTERTAINMENT SERVICES (NORTHERN) LTD,7111082
MISTERTIPSTER LTD,16083848
QWEST GAMING LTD,14667577
ST. BRIDGET'S COMMUNITY BINGO LTD,NI647749
MERKUR BINGO AND CASINO ENTERTAINMENT UK LIMITED,2095117
WORLDPLAY SOLUTIONS LIMITED,15286763
TREATVIEW LIMITED,1755525
BIDAQUID LTD,10646812
PAH LOTTERY LIMITED,3347939
W COMPETITIONS LTD,15635842
NORTH EAST HOSPICES LOTTERY LIMITED,3540674
FUNGHIBONUS LTD,14708537
ELEVEN HOUR LTD,16107226
AIR AMBULANCE PROMOTIONS LIMITED,2674568
SP GRAHAM SERVICES LTD.,NI621183
CASHDOWN RACING LIMITED,4593589
ARENA BINGO LTD,11679550
BETWBA LIMITED,16110526
CASH FALL AMUSEMENTS LIMITED,8385442
TERMINUS PLATFORM UK LIMITED,14798127
PINNINGTON LIMITED,9708945
TWELVTH LIMITED,15648632
UNIVERSAL COMPETITIONS LTD,14960076
GREENWICH & BEXLEY COMMUNITY HOSPICE LOTTERY LIMITED,6483768
WPREDICT LIMITED,16115333
RAFFLE ROCKET UK LTD,14016129
LOST LEISURE 1 LIMITED,6173763
365 GAMING LIMITED,13888282
MOBILE GAMING LIMITED,13899127
THE RACING API LTD,14383781
CALIFORNIA KETCHAPP COMPANY LIMITED,12564942
W. BODEN & CO. LTD.,729685
W.M.T.ENTERTAINMENTS LIMITED,701174
GEORGE WILKIE & COMPANY (WALLASEY) LIMITED,343829
EUROPEAN LOTTERY COMPANY LIMITED,15202157
BLUE SKIRMISH LTD,14758348
TOP KUTS LIMITED,SC769233
YOU BEAUTY (SCOTLAND) LIMITED,SC769309
EMPIRE FUN LIMITED,10529392
RANK INTERACTIVE LIMITED,10707265
CROWN LOTTERY LTD,7616014
WESTWAY BINGO LIMITED,NI602354
NEWAR LIMITED,7224009
FALCOMBE TRADING NO. 2 LIMITED,7230771
CLUB3000 LEISURE LTD,6508518
MIDNIGHT GAMING LIMITED,8489885
ACE ELECTRA (PETERBOROUGH) LIMITED,8568215
SPANKTHEBOOKIES LIMITED,8906344
BET 21 LIMITED,9368918
CHIP STOP WV4 LIMITED,10475332
JIM CLARKE (DORSET) LTD.,10460678
P.P. LEISURE ACTIVITIES LIMITED,1226990
WHITE LEISURE LIMITED,1748245
STAR SPORTS RETAIL LIMITED,1873919
MACE-LAYTON RACING LIMITED,1898588
JEFF MABEY LIMITED,2145032
SANDY RACING LIMITED,3667932
RANK DIGITAL LIMITED,3796653
SUMMIT LEISURE (DEANSGATE) LIMITED,2581189
GRAHAM MACE LIMITED,911428
PLAZA LEISURE DANCE LIMITED,1075390
MACE RACING SERVICES LIMITED,1146712
REEL GAMES LIMITED,3020481
MAINWARING SYSTEMS LIMITED,3054215
THE PUNTER LIMITED,3903207
E-TOTE LIMITED,3909522
POWERBET LIMITED,6849960
GROSVENOR CASINOS (GC) LIMITED,8306157
YOUNG DIXIES LIMITED,6748386
ISLAND TO ISLAND MANAGEMENT LIMITED,6811796
GR RACING LIMITED,7494308
SPORTSBOOK LIMITED,6235175
PRESTIGE RACING CLUB LIMITED,6042536
DUSK TILL DAWN LTD,5668366
BACTA SELF-EXCLUSION SERVICES LIMITED,10012887
MULBROOK LIMITED,8802362
M COOK BOOKMAKERS ON-COURSE LIMITED,8841414
365 SCORES UK LIMITED,3831781
UNDER ORDERS LIMITED,8651107
ST BARNABAS PROMOTIONS LIMITED,3201001
SP GRAHAM D2 LTD,NI623823
LUCKY SHARES LIMITED,15726455
INVEST-IN-OPTIONS LIMITED,10157120
CLARKSON BELL LTD,14358376
KEED LIMITED,10801786
MULTITECHNOPLUS LTD,8625438
STAR SOCCER ACADEMY LIMITED,7320600
MONEYCASINO LTD,14139496
J&P LEISURE LIMITED,NI645216
TRADE COMPETITIONS LTD,15697206
ZEPTOMAX ENTERTAINMENTS LIMITED,15725682
INSIGHTMARKET LIMITED,3855990
GEORGE YATES LIMITED,5912818
ROXY BINGO CLUB (SOWERBY BRIDGE) LIMITED,1213695
SHAREDBET LIMITED,14880373
WILLIAMSON RACING LIMITED,12052929
JASON LUCAS OPERATIONS LTD,14067284
CORAL RACING LIMITED,541600
LOVELL BROTHERS LIMITED,13760050
MAGICWIN SPORTS LTD,15529317
ROOMTIFY LTD,12159982
HUNTING TRAVEL CLUB LIMITED,SC684802
WIN THAT PRIZE UK LTD,15760431
ALDIMER LTD,10781964
JENNINGSBET ONLINE LIMITED,8081703
ENIGMA BET SOLUTIONS LTD,15762995
EASI GAMES LIMITED,2918984
BUTTERWICK LOTTERIES LIMITED,3141067
TOWN & CITY LEISURE LIMITED,4487034
MICK WILLIAMS LIMITED,4672083
BRUCE BOOKMAKERS LIMITED,4671847
MANCHESTER UNITED FOUNDATION (TRADING) LIMITED,5750031
TRIVIAL POKER LIMITED,5755852
LEISURE TIME (DERBY) LIMITED,3980633
ASHCROFT BOOKMAKERS LIMITED,5078251
TILLEY RACING LIMITED,5413532
EASTERN AUTOMATICS LIMITED,5510136
STARBETS LIMITED,4704190
PROACTIVE SPORTS SOLUTIONS LIMITED,13319138
MASSIVE COMPETITIONS LTD,13303028
THE TRADESMAN’S LOTTO LTD,15453613
COSTA SOL COMPETITIONS LTD,15460218
GRAND RAFFLE LIMITED,15163364
CANDYSTORECSINO LIMITED,15568009
HEXAGON HOLDINGS LLC LIMITED,15589672
C & G BOOKMAKERS LTD,15590248
J C MARKETING (MIDLANDS) LTD,15591105
OUTSIDE PRIZES LTD,15492315
KIRTLAN SPORTS LIMITED,15498580
PLAY JOESKI LIMITED,NI710671
MOREWINS COMPETITIONS LTD,15275570
MY WIN ENTERTAINMENT LTD,15326650
GAMBOX CASINO LIMITED,15329620
TAKE PROFIT LIMITED,15484787
CASCADESSPORTSBOOK LIMITED,15493485
WIN BY REG LTD,15353264
LUCKYTIKET LTD,15362495
THRILL COMPETITIONS LTD,15379730
NIHAN FINANCE LIMITED,15340587
JOBS UK KENDAL LTD,15347546
WEST NORFOLK LEISURE LTD,15364117
URBAN RAFFLES LTD,15365473
XBOT ARTIFICIAL INTELLIGENCE TECHNOLOGY LIMITED,15368130
FROST CASINO LTD,15368657
CRYPTO BET LIMITED,15369055
MILITARY COMPS LIMITED,15371248
CRAZY 8S LOTTERY LTD,15374418
DR ALL SPORTS LIMITED,15378169
ACELOW LIMITED,15393432
H.D. (DERRY) LIMITED,NI012885
CASTLEBET LTD,NI068567
G.A. ESTATE AGENCY LIMITED,SC053381
SLOT LEISURE LIMITED,SC095597
LOW COST COMPETITIONS LTD,14686746
SA5 TRADING LIMITED,14701741
PRIME RAFFLES LTD,14816486
CASH FOR CHANCES LTD,SC767491
INSTAWIN UK (GLOUCESTERSHIRE) LTD,14749166
AMUSETIME 2 LIMITED,14754901
GOOD GAMING LTD,14812501
DICK OLIVER LIMITED,1513649
CHAMPIONS BETTING LIMITED,11318083
MR RIGBY'S LEISURETIME LIMITED,7000258
ESSEX & HERTS FLIGHT FOR LIFE LOTTERY CRITICAL CARE LTD,11995133
ANGLIAN LOTTERIES LIMITED,9704746
JETON GAMES LIMITED,13344212
SOARES TRADES LTD,SC807734
PROSPERITY LUXE LTD,15665573
FLYBET180 LTD,SC809444
DIGITAL MONSTERS LTD,15706304
CHEYWEE LTD,15707808
AIHILO LTD,15708068
NORTHWALESCOMPETITIONSANDPRIZES LTD,15711974
G COMPETITIONS LTD,15633536
FISHERMANSFORTUNE LTD,15634011
AZPA LTD.,15643091
TURBO COMPS LIMITED,15652986
POPAFFILIATE LTD,14870629
GUESS2GIVE LIMITED,7390205
GEOLOTTO LTD,7219755
BETSQUAD LIMITED,12142853
CROWDBET HOLDINGS LTD,14634439
NEUROBET LIMITED,15600744
"GOLDEN BOOT INVESTMENT CO., LTD",15622800
DUBAI SPORTS BET LTD,15416898
THINGS & TINGS LTD,15540340
LUCKYLUXE LTD,15543503
FAME NETWORK TECHNOLOGIES LIMITED,15581544
THE MAYFAIR CLUB & CASINO LTD,15288618
KAMIL KRZ LTD,15298935
BITFIRE TRADING LTD,15312668
GRIMSHAW GREEN LEISURE LIMITED,15317777
ICELAND FOODS EMPLOYEE LOTTERY LIMITED,15334804
MATSBEST LIMITED,3988801
BOB DIXON (CAMBRIDGE) LIMITED,2714782
CLUB 2000 BINGO LIMITED,5384985
BETFRANK247 LIMITED,13398335
GENIUS SPORTS UK LIMITED,4062777
LUXURIOUS PRO NETWORK GAMES LTD,14301263
NORTH WEST BOOKMAKERS LIMITED,NI016533
THE OTHER BROTHER LIMITED,11986338
NEW GLOBE BINGO AND SOCIAL CLUB LIMITED,SC040235
BETFRED SPORTS CAFE LIMITED,11258203
BLOXHAMS BOOKMAKERS LIMITED,2089229
MJ SPORTS BET LIMITED,13488217
ELITE COLLECTION CLUB LTD,11354241
RURAL PRIZE DRAWS LIMITED,15742065
PROSPER SPORTS LIMITED,15742284
CASTIGA PREMII LTD,12524013
GENTING CASINOS EGYPT LIMITED,2885976
DONE BROTHERS (CASH BETTING) LIMITED,1277703
CATCH MY BET LIMITED,8049943
HOOTON BINGO LIMITED,14737119
SCORPICKS LTD,13570414
JOTWAY LIMITED,8192105
THE A CASINO (SWANSEA) LIMITED,5153821
DE GARVEY LTD,12293378
GENIUS SPORTS TECHNOLOGIES LIMITED,10197219
KAIZEN INTERNET ENTERPRISES LTD,5817228
CASTLE LEISURE LTD,118558
S. N. W. PASTIMES LIMITED,1990171
WILLIAM J. SHAW PASTIMES LIMITED,2036448
SONCO UK OPCO LTD.,11735057
RIO BINGO & SOCIAL CLUB LTD,15788797
WATMOUGH PROMOTIONS LIMITED,11422842
COUNTY AIR AMBULANCE TRADING LIMITED,8308860
THE CHASE RETAIL LIMITED,3804934
TOTE INVESTORS LIMITED,252696
CASINO MK LIMITED,11554243
SECUTECH INTERNATIONAL LTD,15788881
FOR.T.8. LIMITED,11872466
ELECTROCOIN LIMITED,5925829
G S GAMING LTD.,7681045
WEVERYONE LTD,15795186
NATIONAL BINGO GAME ASSOCIATION LIMITED(THE),1993814
2 FAT LADIES LEISURE LIMITED,7645454
CAIN'S AMUSEMENTS LIMITED,4786731
LOTTOGPT LTD,14887273
C. W. H. RACING CLUB LIMITED,4794419
COMMUNICATIONS AGENCY SERVICES LIMITED,3015215
TOTE COMPUTER SERVICES LIMITED,813712
BRESBET LTD,13250493
GEORGE COOPER SWINDON LIMITED,4213443
JUST SLOTS LIMITED,8538077
STARVALE TECHNICAL SYSTEMS LIMITED,4792515
NETTED LIMITED,4384920
JDG PROFESSIONALS LTD,7787860
THOMAS WARREN LIMITED,4680804
REGAL AMUSEMENT MACHINE SALES LIMITED,3329800
BOOMER SKY LTD,10510550
WILLIAM HILL (SOUTHERN) LIMITED,467589
LAYSTALL LIMITED,934212
WILLIAM HILL EMPLOYEE SHARES TRUSTEE LIMITED,3722030
WILLIAM HILL CREDIT LIMITED,413846
WILLIAM HILL (RESOURCES) LIMITED,3272443
FRIENDS OF OLD EMANUEL RFC LIMITED,12743157
WINDSORS(SPORTING INVESTMENTS)LIMITED,607589
FRED PARKINSON MANAGEMENT LIMITED,878299
JAMES LANE (TURF ACCOUNTANTS) LIMITED,728959
RAFFLE INC LTD,15782146
JAMES LANE GROUP LIMITED,678873
BRADLOW LIMITED,679671
WIH CASINO CHAIN LTD,15420214
WILLSTAN RACING LIMITED,1127534
WILLIAM HILL (WARES) LIMITED,3972146
WILLIAM HILL (GOODS) LIMITED,3755109
WILLIAM HILL (NORTH WESTERN) LIMITED,503763
WILLIAM HILL (NORTH EASTERN) LIMITED,518619
UK CARP TECH LTD,12449983
CHR1SBETS LTD,15771237
BETRYAN LTD,14901010
RANGERS ENTERPRISES LTD.,SC105698
SMILES FOR MILES LIMITED,3915005
T.NEWTON(TURF ACCOUNTANTS)LIMITED,614838
MARVELGOLD LIMITED,1682383
CMI PROMOTIONS LIMITED,NI630924
GALLEON BINGO LIMITED,13426879
SR SKYE LIMITED,NI615059
STAR BINGO LIMITED,NI033751
FANTASY ISLAND LEISURE LIMITED,10342692
RAIN PROMOTIONS LIMITED,NI606695
THE VILLAGE INN FISHERMAN LIMITED,10477161
ARCADIA CASINO LIMITED,12551756
SPORT BROKERS (UK) LIMITED,12327268
PROPERTY LOTTO LTD,11944523
CROWN COMPETITIONS LTD,11977767
ROLLORPOKER LTD,SC410867
SUMNER GROUP LEISURE LIMITED,12932135
WILLIAM KING BOOKMAKERS,SC192411
CORINTHIAN CLUBS LIMITED,SC282420
RAFFLEMY LTD,10697699
POKER@YOURPLACE LIMITED,10599681
TDZ GAMING LTD.,11283309
VERSATILE GAMES LIMITED,11791413
CORBETT BOOKMAKERS (HOLDINGS) LIMITED,11166246
MAVERICK FORCE LTD,11246104
DOPAMINE LABS LTD,13074616
MOLE TIPS LIMITED,SC565635
AJSUKLTD LIMITED,14339319
CHAMPION'S CHOICE LTD,14788870
SWEID LTD,15863917
BETPOINT (CREDIT) LIMITED,2982413
SUCH & CO UK LTD,11463665
TOTE DIRECT LIMITED,2629919
UCORB LTD,3649347
HIPPODROME CASINO LIMITED,5497987
RICH REELS LTD,12065333
CREATIVE 10 LIMITED,15826402
LOIZOU LEISURE LIMITED,1603614
TEYBET LICENSE LTD,15772908
AGD AMUSEMENTS LTD,7174251
RAYNBEAU LIMITED,SC529299
COASTAL AMUSEMENTS LIMITED,707860
HOLLYWOOD CLUBS LTD,6614563
BUZZ GROUP LIMITED,794943
BUZZ LEISURE LIMITED,1171695
LEO LEISURE LIMITED,6025696
TOMS CORPORATE SERVICES LTD,12247124
THE SPORTING EXCHANGE (CLIENTS) LIMITED,3994762
QUEEN B COMPETITIONS LTD,13240595
TEESSIDE HOSPICE (TRADING) LIMITED,2265205
LOVVART WINNER LTD,14977435
LUCKY WIN LIMITED,10912644
SCHLEP GAMES UK LTD,14277668
GREEN GAMES LTD,14772000
PROTRACT LIMITED,SC489254
DABBLE SPORTS UK LTD,15785308
AZLOT LTD,14085206
JOBS UK SOUTHALL LTD,14913232
WIN THE DREAM LIMITED,12622053
ATLANTIC AMUSEMENTS LIMITED,1017494
ROBIN FLETCHER LIMITED,6218764
TRADE YOUR TRADE LIMITED,15812270
BETFRED GROUP HOLDINGS LIMITED,7717019
WHITTAKER ARCADES LIMITED,10734583
HIGGINS BOOKMAKERS LIMITED,1748400
CORNWALL HOSPICE CARE LOTTERY LIMITED,5724116
S & D BOOKMAKERS LIMITED,885118
WAYFARING LIMITED,NI665813
JOE HUDDLESTONE (WETHERBY) LIMITED,5202731
CRYPTOPOKER LTD,14955666
RM LEISURE LIMITED,NI647777
DRAGONI TECHNOLOGY LTD,10541011
THE NEW LOTTERY COMPANY HOLDINGS LIMITED,11188217
BB1 SPORTS BETTING LIMITED,10208477
PHOENIX LEISURE SUPPORT LIMITED,7742237
CLAFFY SPORT AND ENTERTAINMENT LIMITED,10220453
PACETECH SYSTEMS LIMITED,7269103
A1 AMUSEMENT SERVICES LIMITED,SC514381
CRASHBANDITS SLOTS LIMITED,15910377
NEWTON LEISURE HOLDINGS LTD,SC241284
FLUTTERS PORTRUSH LIMITED,NI058090
BEST CONNECT LIMITED,3461496
ZEROS TECH LTD,13734944
FANTASY ENTERPRISES LTD,NI694197
ULTRA DOEY LTD,13769818
THE SURE BETTOR LTD,11534121
UK CARP RAFFLES LTD,15101572
MR S BET LIMITED,15932580
YOUR SPORTS GROUP LTD,15055379
MM COMPETITIONS & COLLECTIBLES LTD,SC821603
SERENDIPITY ENTERTAINMENTS LIMITED,3242950
JACKPOT AMUSEMENTS LIMITED,4713547
THE AQUA CLUB LTD,15942340
POKER MILLION LIMITED,4043305
QDRD LTD,SC430049
HOPE HOUSE (LOTTERY) LTD,5066936
MERLIN LEISURE LTD,8250227
LILES BET LIMITED,8213961
PROJECT GAMES LTD,8318360
HEALTH LOTTERY TRUSTEE COMPANY LIMITED,7762530
M.G. LEISURE LIMITED,4066123
SOUTH WEST AMUSEMENTS LIMITED,4420373
FANTASY MONSTER LTD,SC613583
RECEIPT LOTTERY LTD,10488724
A.& G.(AMUSEMENTS)LIMITED,349369
ARCADIAN MARINADES LTD,12094216
BETTING LIMITED,2995200
LONDON CLUBS BRIGHTON LIMITED,5296120
LONDON CLUBS MANCHESTER LIMITED,3103451
LONDON CLUBS GLASGOW LIMITED,SC259438
METROPOLITAN INTERACTIVE LIMITED,14460789
LONDON CLUBS POKER ROOM LIMITED,3260731
SERIUS 1980 LIMITED,13676560
VALLEY COMPS LTD,15071549
SWEEP SOCIAL LIMITED,15916513
WINNERS BINGO LIMITED,4617444
LONDON CLUBS LEEDS LIMITED,5152382
CLERMONT LEISURE (UK) LIMITED,5443555
R & K 2024 LIMITED,15899454
SHOO 526 LIMITED,7547558
PREMIER CLUB LOTTERIES LIMITED,3622920
NOBLES CASINO GAMING LTD,15078035
ST. GILES HOSPICE (PROMOTIONS) LIMITED,3238435
THE LIFESTYLE LOTTERY LTD,12336807
GAMING ARCADES UK LTD,12326214
ENCHANTMEDIER LTD,15922506
CRASHING WAVES LIMITED,12798779
UPPER 90 TIPS LTD,10484647
SUE RYDER LOTTERY LIMITED,9479300
HYAMS GAMING LIMITED,13967711
CATS PROTECTION STRATEGIES FOR CATS LIMITED,12249367
CONNAUGHT LEISURE LIMITED,1520862
VOUGHT INTERNATIONAL LTD,15915172
A.K FAMILY LIMITED,15025449
CARDQUANT LTD,9814300
PIQME LTD,15952172
UNICORN INVESTMENTS(KENT) LIMITED,2082892
LEISURE ENTERTAINMENT LIMITED,4369378
AU SPORTS A LIMITED,15948753
VIVA LAS VEGAS LIMITED,5710574
IGT (UK 2) LIMITED,4006717
NATURAL SOLUTIONS SERVICES LIMITED,12475929
BET PAL UK LIMITED,15264972
RAFFLE RAINBOW LTD,15959700
WILLOWBROOK HOSPICE TRADING COMPANY LIMITED,2852669
EXCEL GAMING LIMITED,9237318
VICTORIA CLUB LIMITED,2558379
KLT TECH LTD,15121368
INDIGO NEWCO LTD,15963559
ST. ROCCO'S PROMOTIONS LIMITED,3034626
OXFORD BINGO LTD,8344565
SAMUEL BLACK LIMITED,9322679
AMVIOM LTD,14458905
GECO GAMING LTD.,7662325
BETM8 LTD,14242962
GOLDCHIP LTD,5214419
VIRTUE FUSION CM LIMITED,6725023
FLIP MEDIA LIMITED,9470284
SMARKETS (CLIENTS) LIMITED,11184989
MAXI COIN LTD,7318386
ANMAX LEISURE LIMITED,8886585
CYAN BLUE ODDS HOLDINGS LIMITED,11735001
VOLGAMMA LTD,10646298
CYAN BLUE ODDS USA LIMITED,11736817
ACCA SPORTS GAMING LTD,12711189
X AND O'S PAISLEY CROSS LTD.,SC235157
PRIZEPALACE LTD,15849016
NOBLES SEATON CAREW,740311
A.A. BAINES (RACING) LIMITED,1197389
MISS MONEYPENNYS COMPETITIONS LIMITED,15857351
WINNERS BINGO CLUBS LIMITED,5499260
"TRA COMMERCIAL INVESTMENT CO., LTD.",15009298
HILLSIDE (SPAIN NEW MEDIA) PLC,7833226
PLAYERS AMUSEMENTS LIMITED,6637793
ST JOHN'S DEAF COMMUNITY CENTRE,8594337
LUCKY STAR AMUSEMENTS LIMITED,8140500
SPORTSBETRAIDER LIMITED,10876924
TICKETGRANGE LIMITED,1738825
LOCAL HOSPICE LOTTERY LTD,3226004
JACK ADAMS BOOKMAKERS LTD,6945160
BOOM BOOM BOOM LTD,11489324
BOYLESPORTS (UK) LIMITED,4386537
BS RETAIL (NI) LIMITED,NI004101
D.A. ENTERTAINMENTS LIMITED,1260185
HESTVIEW LIMITED,1100741
COLIN BAGLEY LIMITED,6131213
SPORTS OUTCOME PROBABILITIES LIMITED,3672204
WILLIAM HILL ORGANIZATION LIMITED,278208
LEISURE COIN LIMITED,2632933
D MCGRANAGHAN LIMITED,NI006301
MOLONEY AUTOMATICS LIMITED,4127870
BESMARTBETS LTD,15987088
AXXS GAMING UK LTD,13086870
WHG SERVICES LIMITED,6714087
EDDIES BOOKMAKERS LTD,7580670
STABLEDUEL UK LTD,14574176
RACRBET LTD,15386195
TELEGRAM TIPS LIMITED,12360642
OZONE GAMING LIMITED,NI615956
KMI GROUP LIMITED,7480779
THE HANGOUT RETREAT LTD,15025257
T & E LEISURE LIMITED,14206778
PLAYTEK LIMITED,SC745592
BBAMBHRA12 LTD,12764335
FLUKI LTD,15017460
EXPLOSIV LTD,11533899
PURPLE PENNY (ILFRACOMBE) LIMITED (THE),920006
NORFOLK GREYHOUND RACING COMPANY LIMITED,338187
SEA SHELL GAMING LIMITED,15150615
SOUTHPORT PIER LIMITED,3706268
J G LEISURE LIMITED,5025434
PHOENIX GAMING (CORNWALL) LTD,7932776
SLH VENTURES LIMITED,1786925
INTERBET GLOBAL LTD,12370728
RISQ CAPITAL LTD,7207576
PINNACLE SPORTS IRELAND LTD,NI629077
VILOO GAME LTD,15107075
LIDDLE & MARRIOTT(ALFRETON)LIMITED,675248
DIAMOND GAMING LTD,15055699
ARBITRAGE BETTING LTD,15905125
FLETCHERS AUTOMATICS (REDNAL) LIMITED,653965
BONNE TERRE GAMING LIMITED,15883599
GIFT COMPETITIONS LTD,SC677143
VALUE CONNECTOR AGENCY LTD,15860036
UQXCHANGE LIMITED,13036023
ASTORIA CAPITAL T. PLC,14369928
BETSON LTD,10699958
CASINO 36 LIMITED,6584831
BIDANDRAFFLE LIMITED,15906795
CHAS. KENDALL (TURF ACCOUNTANT) LIMITED,839910
GOLDRUSH AMUSEMENTS LTD,4489886
JEMMS (UK) LTD,8021670
DAGG DEVELOPMENTS LTD,3770528
BETGALAXY LIMITED,15844526
POSTCODE EARTH TRUST,SC510917
AXIAL PARK LTD,15634827
ITZA PLEASURE LIMITED,1415042
TONY CLAYTON BOOKMAKERS LIMITED,13450554
SOCIALICITY GAMING LIMITED,12035662
K.W. READER & SONS LIMITED,2709454
AL GAMBLING CONSULTING LTD,12639823
MOCAT LIMITED,NI070973
KELLY BOOKMAKERS LIMITED,NI689122
STARDUST LEISURE LIMITED,1713293
POSTCODE LOCAL TRUST,SC503019
POSTCODE CHILDREN TRUST,SC472799
M F GERAGHTY (RACING) LIMITED,1157662
DRAGON BLACK LTD,15949458
FBA247 LTD,8820891
YX LEISURE & GAMING LIMITED,10539974
RACECOURSE DATA COMPANY LIMITED,8819973
FANTASYPRO TITANS LTD,16071870
WINCHESTER AUTOMATICS LIMITED,723154
NEW EMPIRE BINGO LIMITED,SC208719
RAFFLEQ LTD,16071380
JADE LEISURE LIMITED,8333080
AMUSEMENT MACHINE HIRE (SCOTLAND) LIMITED,SC532971
BETTING SHOP OPERATIONS LIMITED,5612444
GETGEARANDGADGETS LTD,14567538
HORSETRADER LTD,5014547
WM. NOBLE (AUTOMATICS) LIMITED,1361536
PSP LEISURE LIMITED,8673538
JCH LTD,16074363
LUCKYGAMES.COOL LIMITED,SC828640
SHORELINE FACTORS LTD.,NI611473
MIGHTY COMPETITIONS LTD,14606180
MEL GAMES LIMITED,15111502
SOUTHERN CITY LEISURE LIMITED,1318270
AUTO COMPS LTD,14854903
RESPONSIBLE GAMBLING CONSULTANCY LIMITED,9993848
THE SEAT LOTTERY SOCIETY,11157722
GAME COIN LIMITED,7805674
KH PROMOTIONS LIMITED,3295776
TRANSUNIVERSE PLAYHOUSE LTD,15076576
LEDGE TRADING LIMITED,15146726
CASWELL MANAGEMENT SOLUTIONS LIMITED,8061207
STARS GROUP HOLDINGS (UK) LIMITED,11316497
HJP KING ENTERTAINMENT LTD,15303681
KINGTECH LTD,13064695
BETSIDEKICK LTD,15382898
R & J RACING LIMITED,11306137
E.COOMES(NORWOOD)LIMITED,830712
EVO COMPETITIONS LIMITED,16079064
INFINITY 365 COMPETITIONS LTD,SC826382
LEPUS HOLDEM LIMITED,13790436
NIKOLAS SHAW LIMITED,1298220
OJCOMPETITIONS LTD,15295816
SPREADEX LIMITED,3720378
FAR GAMES LTD,15127974
ATLAS YATIRIM MENKUL DEGERLER LIMITED,15076095
OLYMPIA AMUSEMENT CENTRE LIMITED,1435417
CASE AMUSEMENTS LIMITED,16087975
M.T. HORSERACING LIMITED,4672091
SLOTS OF FUN LTD,NI629371
VICKERS.BET LTD,12312275
SLIDE GAMING LTD,12988251
OLGA ARCADIA GROUP (UK) LIMITED,15217969
LAPCOST LTD,16058476
GUIDE2LOTTO LIMITED,7788007
SPRINGSTATE LIMITED,14137713
541 COMPETITIONS LTD,16061164
IGT (UK 3) LIMITED,12488086
JETSET COMPETITIONS LIMITED,16061902
SULTAN SPORTSBOOK LTD,15700565
RR BET INVESTING LIMITED,16092264
THE GAMING BOARDROOM LTD,13752453
THE HOSPICE LOTTERY PARTNERSHIP LIMITED,3458520
BRIGHTON MARINE PALACE & PIER COMPANY (THE),ZC000164
UK YOU TIME JOGOS LIMITED,15059851
IELB LTD,15223666
WINALOT COMPETITIONS LTD,15524122
247GAMBLING.CO.UK LTD.,7542550
THOMAS'S ENTERTAINMENTS (LEICESTER) LIMITED,846504
DANNY MCNAB BOOKMAKERS LIMITED,16010543
LEISURE ISLAND (SCOTLAND) LTD.,SC354568
"GOTOP NETWORK TECHNOLOGY CO., LTD.",16008501
SHETLAND TURF ACCOUNTANTS LIMITED,SC147782
MIRAGE CENTRES LIMITED,5745527
BAR-ONE RACING LIMITED,5020054
BA CLUBS LIMITED,6003398
GRACEGENIUS ENTERPRISES LTD,11470149
PLYMOUTH CASINO LTD,16015252
LES AMBASSADEURS ONLINE LIMITED,11183191
BLUE GOLD PROMOTIONS LTD,15215069
AWTA LOTTORACING COMMUNITY INTEREST COMPANY,9425994
KEITH HODSON RACING LIMITED,7121090
BUDDEN CONSULTING LTD,13696683
TRADE-MASTER NETWORK LTD,16016395
FORM IN-SIGHT TRADING LTD,14653219
LOTTERY.COM LONDON LIMITED,15052811
TAYLOR'S ENTERTAINMENTS LIMITED,SC052964
STAR SPORTS (ON COURSE) LIMITED,7141461
DREAM442 LTD,14497121
SUN SHINE CORPORATION LTD,14044380
TJ MEDIA MANAGEMENT LIMITED,16046458
BINGO CLUBS UK LIMITED,7824296
BARRY CURRAN (DONCASTER) LTD,4455473
ALEXERIN MANAGEMENT LIMITED,12518527
ACE AND CHIPS LIMITED,15076336
NEWBRIDGE AMUSEMENTS LIMITED,8902957
FURNESS SERVICES (CUMBRIA) LIMITED,8007042
MAXIMUM GAME INTERNATIONAL LIMITED,11719555
B. & N. REGAL (ABINGDON) LIMITED,1298271
MAB BOOKMAKERS LIMITED,SC410118
CHAMPION GAMING LIMITED,14945479
GOLD RUSH COMPS LTD,16102041
HOSPICE REALISATIONS LIMITED,SC202356
WOODLANDS HOSPICE LIMITED,3278425
COLOSSUSBETS LIMITED,7981562
BETZAPP LIMITED,8638223
PLAYBOOK GAMING LIMITED,10889074
BOSS VEGAS CASINO$ LTD,13968746
CARLY COMPETITIONS LTD,15320582
UBET LTD,14278233
TEMPTATION TASTE OF PORTUGAL LTD,10752005
BIG68 FOOTBALL INVESTMENT GROUP LTD,15127544
CODIFLY LTD,15028764
DREAM DRAWS COMPETITION LIMITED,16107852
BINGOAL HOLDINGS LIMITED,13936834
M.A.D.E CORPORATION LTD,13191243
CROWNBET LIMITED,16111597
PLAYVA LTD,16111307
SIMS AUTOMATICS LIMITED,SC076867
1ST AND LAST GAMING & EVENTS LIMITED,16114862